n,positive,negative,tn,fp,fn,tp,threshold,accuracy,precision,recall,specificity,balanced_accuracy,npv,referral_n,referral_rate,reviews_per_detected_positive,f1,f2,auc_roc,average_precision,brier,ece_10,selected,analysis_role
336,127,209,1,208,1,126,0.01,0.37797619047619047,0.3772455089820359,0.9921259842519685,0.004784688995215311,0.4984553366235919,0.5,334,0.9940476190476191,2.6507936507936507,0.5466377440347071,0.7482185273159145,0.7196624345401801,0.5774921254171566,0.19969892073556134,0.0781652809527299,False,diagnostic only; not used for threshold selection
336,127,209,1,208,1,126,0.02,0.37797619047619047,0.3772455089820359,0.9921259842519685,0.004784688995215311,0.4984553366235919,0.5,334,0.9940476190476191,2.6507936507936507,0.5466377440347071,0.7482185273159145,0.7196624345401801,0.5774921254171566,0.19969892073556134,0.0781652809527299,False,diagnostic only; not used for threshold selection
336,127,209,1,208,1,126,0.03,0.37797619047619047,0.3772455089820359,0.9921259842519685,0.004784688995215311,0.4984553366235919,0.5,334,0.9940476190476191,2.6507936507936507,0.5466377440347071,0.7482185273159145,0.7196624345401801,0.5774921254171566,0.19969892073556134,0.0781652809527299,False,diagnostic only; not used for threshold selection
336,127,209,1,208,1,126,0.04,0.37797619047619047,0.3772455089820359,0.9921259842519685,0.004784688995215311,0.4984553366235919,0.5,334,0.9940476190476191,2.6507936507936507,0.5466377440347071,0.7482185273159145,0.7196624345401801,0.5774921254171566,0.19969892073556134,0.0781652809527299,False,diagnostic only; not used for threshold selection
336,127,209,2,207,1,126,0.05,0.38095238095238093,0.3783783783783784,0.9921259842519685,0.009569377990430622,0.5008476811211996,0.6666666666666666,333,0.9910714285714286,2.642857142857143,0.5478260869565217,0.7491082045184304,0.7196624345401801,0.5774921254171566,0.19969892073556134,0.0781652809527299,False,diagnostic only; not used for threshold selection
336,127,209,3,206,1,126,0.06,0.38392857142857145,0.3795180722891566,0.9921259842519685,0.014354066985645933,0.5032400256188072,0.75,332,0.9880952380952381,2.634920634920635,0.5490196078431373,0.75,0.7196624345401801,0.5774921254171566,0.19969892073556134,0.0781652809527299,False,diagnostic only; not used for threshold selection
336,127,209,3,206,1,126,0.07,0.38392857142857145,0.3795180722891566,0.9921259842519685,0.014354066985645933,0.5032400256188072,0.75,332,0.9880952380952381,2.634920634920635,0.5490196078431373,0.75,0.7196624345401801,0.5774921254171566,0.19969892073556134,0.0781652809527299,False,diagnostic only; not used for threshold selection
336,127,209,6,203,2,125,0.08,0.3898809523809524,0.38109756097560976,0.984251968503937,0.028708133971291867,0.5064800512376144,0.75,328,0.9761904761904762,2.624,0.5494505494505495,0.7476076555023924,0.7196624345401801,0.5774921254171566,0.19969892073556134,0.0781652809527299,False,diagnostic only; not used for threshold selection
336,127,209,6,203,2,125,0.09,0.3898809523809524,0.38109756097560976,0.984251968503937,0.028708133971291867,0.5064800512376144,0.75,328,0.9761904761904762,2.624,0.5494505494505495,0.7476076555023924,0.7196624345401801,0.5774921254171566,0.19969892073556134,0.0781652809527299,False,diagnostic only; not used for threshold selection
336,127,209,11,198,4,123,0.1,0.39880952380952384,0.38317757009345793,0.968503937007874,0.05263157894736842,0.5105677579776212,0.7333333333333333,321,0.9553571428571429,2.6097560975609757,0.5491071428571429,0.7418576598311218,0.7196624345401801,0.5774921254171566,0.19969892073556134,0.0781652809527299,False,diagnostic only; not used for threshold selection
336,127,209,19,190,7,120,0.11,0.41369047619047616,0.3870967741935484,0.9448818897637795,0.09090909090909091,0.5178954903364352,0.7307692307692307,310,0.9226190476190477,2.5833333333333335,0.5491990846681922,0.7334963325183375,0.7196624345401801,0.5774921254171566,0.19969892073556134,0.0781652809527299,False,diagnostic only; not used for threshold selection
336,127,209,28,181,9,118,0.12,0.43452380952380953,0.39464882943143814,0.9291338582677166,0.1339712918660287,0.5315525750668726,0.7567567567567568,299,0.8898809523809523,2.5338983050847457,0.5539906103286385,0.7311028500619579,0.7196624345401801,0.5774921254171566,0.19969892073556134,0.0781652809527299,False,diagnostic only; not used for threshold selection
336,127,209,56,153,11,116,0.13,0.5119047619047619,0.4312267657992565,0.9133858267716536,0.2679425837320574,0.5906642052518555,0.835820895522388,269,0.8005952380952381,2.3189655172413794,0.5858585858585859,0.7464607464607464,0.7196624345401801,0.5774921254171566,0.19969892073556134,0.0781652809527299,False,diagnostic only; not used for threshold selection
336,127,209,69,140,11,116,0.14,0.5505952380952381,0.453125,0.9133858267716536,0.33014354066985646,0.621764683720755,0.8625,256,0.7619047619047619,2.206896551724138,0.6057441253263708,0.7591623036649214,0.7196624345401801,0.5774921254171566,0.19969892073556134,0.0781652809527299,False,diagnostic only; not used for threshold selection
336,127,209,69,140,11,116,0.15,0.5505952380952381,0.453125,0.9133858267716536,0.33014354066985646,0.621764683720755,0.8625,256,0.7619047619047619,2.206896551724138,0.6057441253263708,0.7591623036649214,0.7196624345401801,0.5774921254171566,0.19969892073556134,0.0781652809527299,False,diagnostic only; not used for threshold selection
336,127,209,71,138,12,115,0.16,0.5535714285714286,0.45454545454545453,0.905511811023622,0.3397129186602871,0.6226123648419546,0.8554216867469879,253,0.7529761904761905,2.2,0.6052631578947368,0.7555847568988173,0.7196624345401801,0.5774921254171566,0.19969892073556134,0.0781652809527299,False,diagnostic only; not used for threshold selection
336,127,209,73,136,14,113,0.17,0.5535714285714286,0.4538152610441767,0.889763779527559,0.3492822966507177,0.6195230380891383,0.8390804597701149,249,0.7410714285714286,2.2035398230088497,0.601063829787234,0.7463672391017173,0.7196624345401801,0.5774921254171566,0.19969892073556134,0.0781652809527299,False,diagnostic only; not used for threshold selection
336,127,209,74,135,14,113,0.18,0.5565476190476191,0.45564516129032256,0.889763779527559,0.35406698564593303,0.6219153825867461,0.8409090909090909,248,0.7380952380952381,2.1946902654867255,0.6026666666666667,0.7473544973544973,0.7196624345401801,0.5774921254171566,0.19969892073556134,0.0781652809527299,False,diagnostic only; not used for threshold selection
336,127,209,76,133,14,113,0.19,0.5625,0.45934959349593496,0.889763779527559,0.36363636363636365,0.6267000715819613,0.8444444444444444,246,0.7321428571428571,2.1769911504424777,0.6058981233243967,0.7493368700265252,0.7196624345401801,0.5774921254171566,0.19969892073556134,0.0781652809527299,False,diagnostic only; not used for threshold selection
336,127,209,76,133,14,113,0.2,0.5625,0.45934959349593496,0.889763779527559,0.36363636363636365,0.6267000715819613,0.8444444444444444,246,0.7321428571428571,2.1769911504424777,0.6058981233243967,0.7493368700265252,0.7196624345401801,0.5774921254171566,0.19969892073556134,0.0781652809527299,False,diagnostic only; not used for threshold selection
336,127,209,82,127,16,111,0.21,0.5744047619047619,0.46638655462184875,0.8740157480314961,0.3923444976076555,0.6331801228195758,0.8367346938775511,238,0.7083333333333334,2.144144144144144,0.6082191780821918,0.7439678284182306,0.7196624345401801,0.5774921254171566,0.19969892073556134,0.0781652809527299,False,diagnostic only; not used for threshold selection
336,127,209,83,126,16,111,0.22,0.5773809523809523,0.46835443037974683,0.8740157480314961,0.39712918660287083,0.6355724673171834,0.8383838383838383,237,0.7053571428571429,2.135135135135135,0.6098901098901099,0.7449664429530202,0.7196624345401801,0.5774921254171566,0.19969892073556134,0.0781652809527299,False,diagnostic only; not used for threshold selection
336,127,209,83,126,16,111,0.23,0.5773809523809523,0.46835443037974683,0.8740157480314961,0.39712918660287083,0.6355724673171834,0.8383838383838383,237,0.7053571428571429,2.135135135135135,0.6098901098901099,0.7449664429530202,0.7196624345401801,0.5774921254171566,0.19969892073556134,0.0781652809527299,False,diagnostic only; not used for threshold selection
336,127,209,85,124,18,109,0.24,0.5773809523809523,0.4678111587982833,0.8582677165354331,0.40669856459330145,0.6324831405643673,0.8252427184466019,233,0.6934523809523809,2.1376146788990824,0.6055555555555555,0.7354925775978407,0.7196624345401801,0.5774921254171566,0.19969892073556134,0.0781652809527299,False,diagnostic only; not used for threshold selection
336,127,209,87,122,18,109,0.25,0.5833333333333334,0.47186147186147187,0.8582677165354331,0.41626794258373206,0.6372678295595826,0.8285714285714286,231,0.6875,2.1192660550458715,0.6089385474860335,0.7374830852503383,0.7196624345401801,0.5774921254171566,0.19969892073556134,0.0781652809527299,False,diagnostic only; not used for threshold selection
336,127,209,99,110,19,108,0.26,0.6160714285714286,0.4954128440366973,0.8503937007874016,0.47368421052631576,0.6620389556568587,0.8389830508474576,218,0.6488095238095238,2.0185185185185186,0.6260869565217392,0.743801652892562,0.7196624345401801,0.5774921254171566,0.19969892073556134,0.0781652809527299,False,diagnostic only; not used for threshold selection
336,127,209,99,110,21,106,0.27,0.6101190476190477,0.49074074074074076,0.8346456692913385,0.47368421052631576,0.6541649399088272,0.825,216,0.6428571428571429,2.0377358490566038,0.6180758017492711,0.7320441988950276,0.7196624345401801,0.5774921254171566,0.19969892073556134,0.0781652809527299,False,diagnostic only; not used for threshold selection
336,127,209,106,103,25,102,0.28,0.6190476190476191,0.4975609756097561,0.8031496062992126,0.507177033492823,0.6551633198960178,0.8091603053435115,205,0.6101190476190477,2.0098039215686274,0.6144578313253012,0.7152875175315568,0.7196624345401801,0.5774921254171566,0.19969892073556134,0.0781652809527299,False,diagnostic only; not used for threshold selection
336,127,209,111,98,31,96,0.29,0.6160714285714286,0.4948453608247423,0.7559055118110236,0.5311004784688995,0.6435029951399616,0.7816901408450704,194,0.5773809523809523,2.0208333333333335,0.5981308411214953,0.6837606837606838,0.7196624345401801,0.5774921254171566,0.19969892073556134,0.0781652809527299,False,diagnostic only; not used for threshold selection
336,127,209,112,97,31,96,0.3,0.6190476190476191,0.49740932642487046,0.7559055118110236,0.5358851674641149,0.6458953396375693,0.7832167832167832,193,0.5744047619047619,2.0104166666666665,0.6,0.6847360912981455,0.7196624345401801,0.5774921254171566,0.19969892073556134,0.0781652809527299,False,diagnostic only; not used for threshold selection
336,127,209,116,93,34,93,0.31,0.6220238095238095,0.5,0.7322834645669292,0.5550239234449761,0.6436536940059526,0.7733333333333333,186,0.5535714285714286,2.0,0.5942492012779552,0.670028818443804,0.7196624345401801,0.5774921254171566,0.19969892073556134,0.0781652809527299,False,diagnostic only; not used for threshold selection
336,127,209,116,93,34,93,0.32,0.6220238095238095,0.5,0.7322834645669292,0.5550239234449761,0.6436536940059526,0.7733333333333333,186,0.5535714285714286,2.0,0.5942492012779552,0.670028818443804,0.7196624345401801,0.5774921254171566,0.19969892073556134,0.0781652809527299,False,diagnostic only; not used for threshold selection
336,127,209,123,86,37,90,0.33,0.6339285714285714,0.5113636363636364,0.7086614173228346,0.5885167464114832,0.6485890818671589,0.76875,176,0.5238095238095238,1.9555555555555555,0.594059405940594,0.6578947368421053,0.7196624345401801,0.5774921254171566,0.19969892073556134,0.0781652809527299,False,diagnostic only; not used for threshold selection
336,127,209,147,62,43,84,0.34,0.6875,0.5753424657534246,0.6614173228346457,0.7033492822966507,0.6823833025656483,0.7736842105263158,146,0.43452380952380953,1.7380952380952381,0.6153846153846154,0.6422018348623854,0.7196624345401801,0.5774921254171566,0.19969892073556134,0.0781652809527299,False,diagnostic only; not used for threshold selection
336,127,209,150,59,43,84,0.35,0.6964285714285714,0.5874125874125874,0.6614173228346457,0.7177033492822966,0.6895603360584712,0.7772020725388601,143,0.4255952380952381,1.7023809523809523,0.6222222222222222,0.6451612903225806,0.7196624345401801,0.5774921254171566,0.19969892073556134,0.0781652809527299,False,diagnostic only; not used for threshold selection
336,127,209,151,58,43,84,0.36,0.6994047619047619,0.5915492957746479,0.6614173228346457,0.722488038277512,0.6919526805560788,0.7783505154639175,142,0.4226190476190476,1.6904761904761905,0.6245353159851301,0.6461538461538462,0.7196624345401801,0.5774921254171566,0.19969892073556134,0.0781652809527299,False,diagnostic only; not used for threshold selection
336,127,209,154,55,43,84,0.37,0.7083333333333334,0.60431654676259,0.6614173228346457,0.7368421052631579,0.6991297140489018,0.7817258883248731,139,0.41369047619047616,1.6547619047619047,0.631578947368421,0.6491499227202473,0.7196624345401801,0.5774921254171566,0.19969892073556134,0.0781652809527299,False,diagnostic only; not used for threshold selection
336,127,209,154,55,43,84,0.38,0.7083333333333334,0.60431654676259,0.6614173228346457,0.7368421052631579,0.6991297140489018,0.7817258883248731,139,0.41369047619047616,1.6547619047619047,0.631578947368421,0.6491499227202473,0.7196624345401801,0.5774921254171566,0.19969892073556134,0.0781652809527299,False,diagnostic only; not used for threshold selection
336,127,209,154,55,43,84,0.39,0.7083333333333334,0.60431654676259,0.6614173228346457,0.7368421052631579,0.6991297140489018,0.7817258883248731,139,0.41369047619047616,1.6547619047619047,0.631578947368421,0.6491499227202473,0.7196624345401801,0.5774921254171566,0.19969892073556134,0.0781652809527299,False,diagnostic only; not used for threshold selection
336,127,209,154,55,43,84,0.4,0.7083333333333334,0.60431654676259,0.6614173228346457,0.7368421052631579,0.6991297140489018,0.7817258883248731,139,0.41369047619047616,1.6547619047619047,0.631578947368421,0.6491499227202473,0.7196624345401801,0.5774921254171566,0.19969892073556134,0.0781652809527299,False,diagnostic only; not used for threshold selection
336,127,209,155,54,47,80,0.41,0.6994047619047619,0.5970149253731343,0.6299212598425197,0.7416267942583732,0.6857740270504464,0.7673267326732673,134,0.39880952380952384,1.675,0.6130268199233716,0.6230529595015576,0.7196624345401801,0.5774921254171566,0.19969892073556134,0.0781652809527299,False,diagnostic only; not used for threshold selection
336,127,209,155,54,49,78,0.42,0.6934523809523809,0.5909090909090909,0.6141732283464567,0.7416267942583732,0.677900011302415,0.7598039215686274,132,0.39285714285714285,1.6923076923076923,0.6023166023166023,0.609375,0.7196624345401801,0.5774921254171566,0.19969892073556134,0.0781652809527299,False,diagnostic only; not used for threshold selection
336,127,209,158,51,52,75,0.43,0.6934523809523809,0.5952380952380952,0.5905511811023622,0.7559808612440191,0.6732660211731907,0.7523809523809524,126,0.375,1.68,0.5928853754940712,0.5914826498422713,0.7196624345401801,0.5774921254171566,0.19969892073556134,0.0781652809527299,False,diagnostic only; not used for threshold selection
336,127,209,161,48,52,75,0.44,0.7023809523809523,0.6097560975609756,0.5905511811023622,0.7703349282296651,0.6804430546660136,0.755868544600939,123,0.36607142857142855,1.64,0.6,0.5942947702060222,0.7196624345401801,0.5774921254171566,0.19969892073556134,0.0781652809527299,False,diagnostic only; not used for threshold selection
336,127,209,164,45,53,74,0.45,0.7083333333333334,0.6218487394957983,0.5826771653543307,0.784688995215311,0.6836830802848208,0.7557603686635944,119,0.3541666666666667,1.6081081081081081,0.6016260162601627,0.5901116427432217,0.7196624345401801,0.5774921254171566,0.19969892073556134,0.0781652809527299,False,diagnostic only; not used for threshold selection
336,127,209,168,41,56,71,0.46,0.7113095238095238,0.6339285714285714,0.5590551181102362,0.8038277511961722,0.6814414346532043,0.75,112,0.3333333333333333,1.5774647887323943,0.5941422594142259,0.5725806451612904,0.7196624345401801,0.5774921254171566,0.19969892073556134,0.0781652809527299,False,diagnostic only; not used for threshold selection
336,127,209,169,40,60,67,0.47,0.7023809523809523,0.6261682242990654,0.5275590551181102,0.8086124401913876,0.6680857476547488,0.7379912663755459,107,0.31845238095238093,1.5970149253731343,0.5726495726495726,0.5447154471544715,0.7196624345401801,0.5774921254171566,0.19969892073556134,0.0781652809527299,False,diagnostic only; not used for threshold selection
336,127,209,169,40,60,67,0.48,0.7023809523809523,0.6261682242990654,0.5275590551181102,0.8086124401913876,0.6680857476547488,0.7379912663755459,107,0.31845238095238093,1.5970149253731343,0.5726495726495726,0.5447154471544715,0.7196624345401801,0.5774921254171566,0.19969892073556134,0.0781652809527299,False,diagnostic only; not used for threshold selection
336,127,209,172,37,60,67,0.49,0.7113095238095238,0.6442307692307693,0.5275590551181102,0.8229665071770335,0.6752627811475718,0.7413793103448276,104,0.30952380952380953,1.5522388059701493,0.5800865800865801,0.5473856209150327,0.7196624345401801,0.5774921254171566,0.19969892073556134,0.0781652809527299,False,diagnostic only; not used for threshold selection
336,127,209,172,37,60,67,0.5,0.7113095238095238,0.6442307692307693,0.5275590551181102,0.8229665071770335,0.6752627811475718,0.7413793103448276,104,0.30952380952380953,1.5522388059701493,0.5800865800865801,0.5473856209150327,0.7196624345401801,0.5774921254171566,0.19969892073556134,0.0781652809527299,False,diagnostic only; not used for threshold selection
336,127,209,174,35,64,63,0.51,0.7053571428571429,0.6428571428571429,0.49606299212598426,0.8325358851674641,0.6642994386467242,0.7310924369747899,98,0.2916666666666667,1.5555555555555556,0.56,0.5198019801980198,0.7196624345401801,0.5774921254171566,0.19969892073556134,0.0781652809527299,False,diagnostic only; not used for threshold selection
336,127,209,178,31,69,58,0.52,0.7023809523809523,0.651685393258427,0.4566929133858268,0.8516746411483254,0.6541837772670761,0.7206477732793523,89,0.2648809523809524,1.5344827586206897,0.5370370370370371,0.48576214405360135,0.7196624345401801,0.5774921254171566,0.19969892073556134,0.0781652809527299,False,diagnostic only; not used for threshold selection
336,127,209,178,31,69,58,0.53,0.7023809523809523,0.651685393258427,0.4566929133858268,0.8516746411483254,0.6541837772670761,0.7206477732793523,89,0.2648809523809524,1.5344827586206897,0.5370370370370371,0.48576214405360135,0.7196624345401801,0.5774921254171566,0.19969892073556134,0.0781652809527299,False,diagnostic only; not used for threshold selection
336,127,209,184,25,72,55,0.54,0.7113095238095238,0.6875,0.4330708661417323,0.8803827751196173,0.6567268206306748,0.71875,80,0.23809523809523808,1.4545454545454546,0.5314009661835749,0.467687074829932,0.7196624345401801,0.5774921254171566,0.19969892073556134,0.0781652809527299,False,diagnostic only; not used for threshold selection
336,127,209,184,25,72,55,0.55,0.7113095238095238,0.6875,0.4330708661417323,0.8803827751196173,0.6567268206306748,0.71875,80,0.23809523809523808,1.4545454545454546,0.5314009661835749,0.467687074829932,0.7196624345401801,0.5774921254171566,0.19969892073556134,0.0781652809527299,False,diagnostic only; not used for threshold selection
336,127,209,188,21,74,53,0.56,0.7172619047619048,0.7162162162162162,0.41732283464566927,0.8995215311004785,0.6584221828730739,0.7175572519083969,74,0.22023809523809523,1.3962264150943395,0.527363184079602,0.45532646048109965,0.7196624345401801,0.5774921254171566,0.19969892073556134,0.0781652809527299,False,diagnostic only; not used for threshold selection
336,127,209,188,21,75,52,0.57,0.7142857142857143,0.7123287671232876,0.4094488188976378,0.8995215311004785,0.6544851749990581,0.714828897338403,73,0.21726190476190477,1.4038461538461537,0.52,0.4475043029259897,0.7196624345401801,0.5774921254171566,0.19969892073556134,0.0781652809527299,False,diagnostic only; not used for threshold selection
336,127,209,188,21,75,52,0.58,0.7142857142857143,0.7123287671232876,0.4094488188976378,0.8995215311004785,0.6544851749990581,0.714828897338403,73,0.21726190476190477,1.4038461538461537,0.52,0.4475043029259897,0.7196624345401801,0.5774921254171566,0.19969892073556134,0.0781652809527299,False,diagnostic only; not used for threshold selection
336,127,209,188,21,75,52,0.59,0.7142857142857143,0.7123287671232876,0.4094488188976378,0.8995215311004785,0.6544851749990581,0.714828897338403,73,0.21726190476190477,1.4038461538461537,0.52,0.4475043029259897,0.7196624345401801,0.5774921254171566,0.19969892073556134,0.0781652809527299,False,diagnostic only; not used for threshold selection
336,127,209,188,21,75,52,0.6,0.7142857142857143,0.7123287671232876,0.4094488188976378,0.8995215311004785,0.6544851749990581,0.714828897338403,73,0.21726190476190477,1.4038461538461537,0.52,0.4475043029259897,0.7196624345401801,0.5774921254171566,0.19969892073556134,0.0781652809527299,False,diagnostic only; not used for threshold selection
336,127,209,188,21,75,52,0.61,0.7142857142857143,0.7123287671232876,0.4094488188976378,0.8995215311004785,0.6544851749990581,0.714828897338403,73,0.21726190476190477,1.4038461538461537,0.52,0.4475043029259897,0.7196624345401801,0.5774921254171566,0.19969892073556134,0.0781652809527299,False,diagnostic only; not used for threshold selection
336,127,209,188,21,75,52,0.62,0.7142857142857143,0.7123287671232876,0.4094488188976378,0.8995215311004785,0.6544851749990581,0.714828897338403,73,0.21726190476190477,1.4038461538461537,0.52,0.4475043029259897,0.7196624345401801,0.5774921254171566,0.19969892073556134,0.0781652809527299,False,diagnostic only; not used for threshold selection
336,127,209,188,21,77,50,0.63,0.7083333333333334,0.704225352112676,0.3937007874015748,0.8995215311004785,0.6466111592510266,0.7094339622641509,71,0.2113095238095238,1.42,0.5050505050505051,0.4317789291882556,0.7196624345401801,0.5774921254171566,0.19969892073556134,0.0781652809527299,False,diagnostic only; not used for threshold selection
336,127,209,188,21,77,50,0.64,0.7083333333333334,0.704225352112676,0.3937007874015748,0.8995215311004785,0.6466111592510266,0.7094339622641509,71,0.2113095238095238,1.42,0.5050505050505051,0.4317789291882556,0.7196624345401801,0.5774921254171566,0.19969892073556134,0.0781652809527299,False,diagnostic only; not used for threshold selection
336,127,209,188,21,77,50,0.65,0.7083333333333334,0.704225352112676,0.3937007874015748,0.8995215311004785,0.6466111592510266,0.7094339622641509,71,0.2113095238095238,1.42,0.5050505050505051,0.4317789291882556,0.7196624345401801,0.5774921254171566,0.19969892073556134,0.0781652809527299,False,diagnostic only; not used for threshold selection
336,127,209,188,21,81,46,0.66,0.6964285714285714,0.6865671641791045,0.36220472440944884,0.8995215311004785,0.6308631277549637,0.6988847583643123,67,0.19940476190476192,1.4565217391304348,0.4742268041237113,0.4,0.7196624345401801,0.5774921254171566,0.19969892073556134,0.0781652809527299,False,diagnostic only; not used for threshold selection
336,127,209,191,18,94,33,0.67,0.6666666666666666,0.6470588235294118,0.25984251968503935,0.9138755980861244,0.5868590588855819,0.6701754385964912,51,0.15178571428571427,1.5454545454545454,0.3707865168539326,0.295169946332737,0.7196624345401801,0.5774921254171566,0.19969892073556134,0.0781652809527299,False,diagnostic only; not used for threshold selection
336,127,209,191,18,94,33,0.68,0.6666666666666666,0.6470588235294118,0.25984251968503935,0.9138755980861244,0.5868590588855819,0.6701754385964912,51,0.15178571428571427,1.5454545454545454,0.3707865168539326,0.295169946332737,0.7196624345401801,0.5774921254171566,0.19969892073556134,0.0781652809527299,False,diagnostic only; not used for threshold selection
336,127,209,191,18,95,32,0.69,0.6636904761904762,0.64,0.25196850393700787,0.9138755980861244,0.5829220510115661,0.6678321678321678,50,0.1488095238095238,1.5625,0.3615819209039548,0.2867383512544803,0.7196624345401801,0.5774921254171566,0.19969892073556134,0.0781652809527299,False,diagnostic only; not used for threshold selection
336,127,209,191,18,95,32,0.7,0.6636904761904762,0.64,0.25196850393700787,0.9138755980861244,0.5829220510115661,0.6678321678321678,50,0.1488095238095238,1.5625,0.3615819209039548,0.2867383512544803,0.7196624345401801,0.5774921254171566,0.19969892073556134,0.0781652809527299,False,diagnostic only; not used for threshold selection
336,127,209,195,14,107,20,0.71,0.6398809523809523,0.5882352941176471,0.15748031496062992,0.9330143540669856,0.5452473345138078,0.6456953642384106,34,0.10119047619047619,1.7,0.2484472049689441,0.18450184501845018,0.7196624345401801,0.5774921254171566,0.19969892073556134,0.0781652809527299,False,diagnostic only; not used for threshold selection
336,127,209,195,14,108,19,0.72,0.6369047619047619,0.5757575757575758,0.14960629921259844,0.9330143540669856,0.5413103266397921,0.6435643564356436,33,0.09821428571428571,1.736842105263158,0.2375,0.1756007393715342,0.7196624345401801,0.5774921254171566,0.19969892073556134,0.0781652809527299,False,diagnostic only; not used for threshold selection
336,127,209,200,9,118,9,0.73,0.6220238095238095,0.5,0.07086614173228346,0.9569377990430622,0.5139019703876728,0.6289308176100629,18,0.05357142857142857,2.0,0.12413793103448276,0.08555133079847908,0.7196624345401801,0.5774921254171566,0.19969892073556134,0.0781652809527299,False,diagnostic only; not used for threshold selection
336,127,209,200,9,118,9,0.74,0.6220238095238095,0.5,0.07086614173228346,0.9569377990430622,0.5139019703876728,0.6289308176100629,18,0.05357142857142857,2.0,0.12413793103448276,0.08555133079847908,0.7196624345401801,0.5774921254171566,0.19969892073556134,0.0781652809527299,False,diagnostic only; not used for threshold selection
336,127,209,200,9,118,9,0.75,0.6220238095238095,0.5,0.07086614173228346,0.9569377990430622,0.5139019703876728,0.6289308176100629,18,0.05357142857142857,2.0,0.12413793103448276,0.08555133079847908,0.7196624345401801,0.5774921254171566,0.19969892073556134,0.0781652809527299,False,diagnostic only; not used for threshold selection
336,127,209,204,5,122,5,0.76,0.6220238095238095,0.5,0.03937007874015748,0.9760765550239234,0.5077233168820404,0.6257668711656442,10,0.02976190476190476,2.0,0.072992700729927,0.04826254826254826,0.7196624345401801,0.5774921254171566,0.19969892073556134,0.0781652809527299,False,diagnostic only; not used for threshold selection
336,127,209,207,2,123,4,0.77,0.6279761904761905,0.6666666666666666,0.031496062992125984,0.9904306220095693,0.5109633425008476,0.6272727272727273,6,0.017857142857142856,1.5,0.06015037593984962,0.038910505836575876,0.7196624345401801,0.5774921254171566,0.19969892073556134,0.0781652809527299,False,diagnostic only; not used for threshold selection
336,127,209,207,2,123,4,0.78,0.6279761904761905,0.6666666666666666,0.031496062992125984,0.9904306220095693,0.5109633425008476,0.6272727272727273,6,0.017857142857142856,1.5,0.06015037593984962,0.038910505836575876,0.7196624345401801,0.5774921254171566,0.19969892073556134,0.0781652809527299,False,diagnostic only; not used for threshold selection
336,127,209,207,2,123,4,0.79,0.6279761904761905,0.6666666666666666,0.031496062992125984,0.9904306220095693,0.5109633425008476,0.6272727272727273,6,0.017857142857142856,1.5,0.06015037593984962,0.038910505836575876,0.7196624345401801,0.5774921254171566,0.19969892073556134,0.0781652809527299,False,diagnostic only; not used for threshold selection
336,127,209,207,2,123,4,0.8,0.6279761904761905,0.6666666666666666,0.031496062992125984,0.9904306220095693,0.5109633425008476,0.6272727272727273,6,0.017857142857142856,1.5,0.06015037593984962,0.038910505836575876,0.7196624345401801,0.5774921254171566,0.19969892073556134,0.0781652809527299,False,diagnostic only; not used for threshold selection
336,127,209,207,2,123,4,0.81,0.6279761904761905,0.6666666666666666,0.031496062992125984,0.9904306220095693,0.5109633425008476,0.6272727272727273,6,0.017857142857142856,1.5,0.06015037593984962,0.038910505836575876,0.7196624345401801,0.5774921254171566,0.19969892073556134,0.0781652809527299,False,diagnostic only; not used for threshold selection
336,127,209,207,2,123,4,0.82,0.6279761904761905,0.6666666666666666,0.031496062992125984,0.9904306220095693,0.5109633425008476,0.6272727272727273,6,0.017857142857142856,1.5,0.06015037593984962,0.038910505836575876,0.7196624345401801,0.5774921254171566,0.19969892073556134,0.0781652809527299,False,diagnostic only; not used for threshold selection
336,127,209,207,2,123,4,0.83,0.6279761904761905,0.6666666666666666,0.031496062992125984,0.9904306220095693,0.5109633425008476,0.6272727272727273,6,0.017857142857142856,1.5,0.06015037593984962,0.038910505836575876,0.7196624345401801,0.5774921254171566,0.19969892073556134,0.0781652809527299,False,diagnostic only; not used for threshold selection
336,127,209,208,1,123,4,0.84,0.6309523809523809,0.8,0.031496062992125984,0.9952153110047847,0.5133556869984554,0.6283987915407855,5,0.01488095238095238,1.25,0.06060606060606061,0.03898635477582846,0.7196624345401801,0.5774921254171566,0.19969892073556134,0.0781652809527299,False,diagnostic only; not used for threshold selection
336,127,209,208,1,123,4,0.85,0.6309523809523809,0.8,0.031496062992125984,0.9952153110047847,0.5133556869984554,0.6283987915407855,5,0.01488095238095238,1.25,0.06060606060606061,0.03898635477582846,0.7196624345401801,0.5774921254171566,0.19969892073556134,0.0781652809527299,False,diagnostic only; not used for threshold selection
336,127,209,208,1,123,4,0.86,0.6309523809523809,0.8,0.031496062992125984,0.9952153110047847,0.5133556869984554,0.6283987915407855,5,0.01488095238095238,1.25,0.06060606060606061,0.03898635477582846,0.7196624345401801,0.5774921254171566,0.19969892073556134,0.0781652809527299,False,diagnostic only; not used for threshold selection
336,127,209,208,1,123,4,0.87,0.6309523809523809,0.8,0.031496062992125984,0.9952153110047847,0.5133556869984554,0.6283987915407855,5,0.01488095238095238,1.25,0.06060606060606061,0.03898635477582846,0.7196624345401801,0.5774921254171566,0.19969892073556134,0.0781652809527299,False,diagnostic only; not used for threshold selection
336,127,209,208,1,123,4,0.88,0.6309523809523809,0.8,0.031496062992125984,0.9952153110047847,0.5133556869984554,0.6283987915407855,5,0.01488095238095238,1.25,0.06060606060606061,0.03898635477582846,0.7196624345401801,0.5774921254171566,0.19969892073556134,0.0781652809527299,False,diagnostic only; not used for threshold selection
336,127,209,208,1,123,4,0.89,0.6309523809523809,0.8,0.031496062992125984,0.9952153110047847,0.5133556869984554,0.6283987915407855,5,0.01488095238095238,1.25,0.06060606060606061,0.03898635477582846,0.7196624345401801,0.5774921254171566,0.19969892073556134,0.0781652809527299,False,diagnostic only; not used for threshold selection
336,127,209,208,1,123,4,0.9,0.6309523809523809,0.8,0.031496062992125984,0.9952153110047847,0.5133556869984554,0.6283987915407855,5,0.01488095238095238,1.25,0.06060606060606061,0.03898635477582846,0.7196624345401801,0.5774921254171566,0.19969892073556134,0.0781652809527299,False,diagnostic only; not used for threshold selection
336,127,209,208,1,123,4,0.91,0.6309523809523809,0.8,0.031496062992125984,0.9952153110047847,0.5133556869984554,0.6283987915407855,5,0.01488095238095238,1.25,0.06060606060606061,0.03898635477582846,0.7196624345401801,0.5774921254171566,0.19969892073556134,0.0781652809527299,False,diagnostic only; not used for threshold selection
336,127,209,208,1,123,4,0.92,0.6309523809523809,0.8,0.031496062992125984,0.9952153110047847,0.5133556869984554,0.6283987915407855,5,0.01488095238095238,1.25,0.06060606060606061,0.03898635477582846,0.7196624345401801,0.5774921254171566,0.19969892073556134,0.0781652809527299,False,diagnostic only; not used for threshold selection
336,127,209,208,1,123,4,0.93,0.6309523809523809,0.8,0.031496062992125984,0.9952153110047847,0.5133556869984554,0.6283987915407855,5,0.01488095238095238,1.25,0.06060606060606061,0.03898635477582846,0.7196624345401801,0.5774921254171566,0.19969892073556134,0.0781652809527299,False,diagnostic only; not used for threshold selection
336,127,209,208,1,124,3,0.94,0.6279761904761905,0.75,0.023622047244094488,0.9952153110047847,0.5094186791244396,0.6265060240963856,4,0.011904761904761904,1.3333333333333333,0.04580152671755725,0.029296875,0.7196624345401801,0.5774921254171566,0.19969892073556134,0.0781652809527299,False,diagnostic only; not used for threshold selection
336,127,209,208,1,124,3,0.95,0.6279761904761905,0.75,0.023622047244094488,0.9952153110047847,0.5094186791244396,0.6265060240963856,4,0.011904761904761904,1.3333333333333333,0.04580152671755725,0.029296875,0.7196624345401801,0.5774921254171566,0.19969892073556134,0.0781652809527299,False,diagnostic only; not used for threshold selection
336,127,209,208,1,124,3,0.96,0.6279761904761905,0.75,0.023622047244094488,0.9952153110047847,0.5094186791244396,0.6265060240963856,4,0.011904761904761904,1.3333333333333333,0.04580152671755725,0.029296875,0.7196624345401801,0.5774921254171566,0.19969892073556134,0.0781652809527299,False,diagnostic only; not used for threshold selection
336,127,209,208,1,124,3,0.97,0.6279761904761905,0.75,0.023622047244094488,0.9952153110047847,0.5094186791244396,0.6265060240963856,4,0.011904761904761904,1.3333333333333333,0.04580152671755725,0.029296875,0.7196624345401801,0.5774921254171566,0.19969892073556134,0.0781652809527299,False,diagnostic only; not used for threshold selection
336,127,209,208,1,124,3,0.98,0.6279761904761905,0.75,0.023622047244094488,0.9952153110047847,0.5094186791244396,0.6265060240963856,4,0.011904761904761904,1.3333333333333333,0.04580152671755725,0.029296875,0.7196624345401801,0.5774921254171566,0.19969892073556134,0.0781652809527299,False,diagnostic only; not used for threshold selection
336,127,209,208,1,124,3,0.99,0.6279761904761905,0.75,0.023622047244094488,0.9952153110047847,0.5094186791244396,0.6265060240963856,4,0.011904761904761904,1.3333333333333333,0.04580152671755725,0.029296875,0.7196624345401801,0.5774921254171566,0.19969892073556134,0.0781652809527299,False,diagnostic only; not used for threshold selection
