model,order,feature_i,feature_j,mean_signed_fsii,sd_signed_fsii,mean_abs_fsii,sd_abs_fsii,positive_direction_fraction,explained_students,signed_ci_low,signed_ci_high,direction,budget,explanation_scale,uncertainty_role,feature_i_construct,feature_j_construct
B-TabPFN K=1,1,Q10_Financial_Difficulty,,0.0060438594,0.0451872499,0.0388800332,0.0227853903,0.625,32,-0.0102478815,0.0223356003,uncertain_ci_crosses_zero,1024,positive_class_probability,descriptive unadjusted interval; not a significance test,Structural and contextual barriers,
B-TabPFN K=1,1,Q11_Internet_Access,,0.0041365124,0.0101087574,0.0098602529,0.0044146129,0.65625,32,0.0004919167,0.0077811081,positive,1024,positive_class_probability,descriptive unadjusted interval; not a significance test,Structural and contextual barriers,
B-TabPFN K=1,1,Q12_Outside_Responsibilities,,0.0010108609,0.0471197845,0.0433071841,0.0168913086,0.46875,32,-0.015977633,0.0179993548,uncertain_ci_crosses_zero,1024,positive_class_probability,descriptive unadjusted interval; not a significance test,Structural and contextual barriers,
B-TabPFN K=1,1,Q13_Faculty,,0.0033014625,0.0186647325,0.0147895258,0.0115688207,0.625,32,-0.0034278911,0.0100308162,uncertain_ci_crosses_zero,1024,positive_class_probability,descriptive unadjusted interval; not a significance test,Institutional and programme context,
B-TabPFN K=1,1,Q14_Year,,0.0051361863,0.0339314505,0.0293043003,0.0170918504,0.65625,32,-0.0070974062,0.0173697787,uncertain_ci_crosses_zero,1024,positive_class_probability,descriptive unadjusted interval; not a significance test,Institutional and programme context,
B-TabPFN K=1,1,Q16_Belonging,,0.038487906,0.0723029574,0.0692594208,0.0424878336,0.8125,32,0.01241991,0.064555902,positive,1024,positive_class_probability,descriptive unadjusted interval; not a significance test,Social and institutional integration,
B-TabPFN K=1,1,Q1_Academic_Performance,,0.0074008534,0.0252824687,0.0220258821,0.0139625775,0.4375,32,-0.0017144486,0.0165161554,uncertain_ci_crosses_zero,1024,positive_class_probability,descriptive unadjusted interval; not a significance test,Academic engagement and integration,
B-TabPFN K=1,1,Q2_Attendance,,0.042531932,0.0810948137,0.0789922756,0.0447506978,0.59375,32,0.0132941338,0.0717697302,positive,1024,positive_class_probability,descriptive unadjusted interval; not a significance test,Academic engagement and integration,
B-TabPFN K=1,1,Q3_Assignments,,-0.0020728666,0.0838428003,0.0665113067,0.049674892,0.21875,32,-0.0323014196,0.0281556864,uncertain_ci_crosses_zero,1024,positive_class_probability,descriptive unadjusted interval; not a significance test,Academic engagement and integration,
B-TabPFN K=1,1,Q4_Repeating,,0.0351672626,0.135003573,0.0888484424,0.106554697,0.21875,32,-0.0135067159,0.0838412412,uncertain_ci_crosses_zero,1024,positive_class_probability,descriptive unadjusted interval; not a significance test,Academic progression,
B-TabPFN K=1,1,Q6_PHQ2_Interest,,0.0331224784,0.1504975727,0.1166821328,0.0986311492,0.375,32,-0.0211376827,0.0873826396,uncertain_ci_crosses_zero,1024,positive_class_probability,descriptive unadjusted interval; not a significance test,Psychological distress,
B-TabPFN K=1,1,Q7_PHQ2_Depressed,,0.0423702428,0.1802162042,0.1589852281,0.0907709273,0.65625,32,-0.0226046276,0.1073451132,uncertain_ci_crosses_zero,1024,positive_class_probability,descriptive unadjusted interval; not a significance test,Psychological distress,
B-TabPFN K=1,1,Q8_GAD2_Nervous,,0.0472515701,0.1231804519,0.1199341241,0.0512831079,0.6875,32,0.0028402812,0.0916628589,positive,1024,positive_class_probability,descriptive unadjusted interval; not a significance test,Psychological distress,
B-TabPFN K=1,1,Q9_GAD2_Worry,,0.0486257941,0.1310290444,0.114007982,0.0786908319,0.75,32,0.001384786,0.0958668023,positive,1024,positive_class_probability,descriptive unadjusted interval; not a significance test,Psychological distress,
B-TabPFN K=1,2,Q10_Financial_Difficulty,Q11_Internet_Access,8.76174e-05,0.0044981534,0.0034972192,0.0027597522,0.46875,32,-0.0015341398,0.0017093746,uncertain_ci_crosses_zero,1024,positive_class_probability,descriptive unadjusted interval; not a significance test,Structural and contextual barriers,Structural and contextual barriers
B-TabPFN K=1,2,Q10_Financial_Difficulty,Q12_Outside_Responsibilities,-7.07263e-05,0.0133239012,0.0102239582,0.0083444756,0.59375,32,-0.004874505,0.0047330523,uncertain_ci_crosses_zero,1024,positive_class_probability,descriptive unadjusted interval; not a significance test,Structural and contextual barriers,Structural and contextual barriers
B-TabPFN K=1,2,Q10_Financial_Difficulty,Q13_Faculty,-0.00020542,0.0075972129,0.0060957142,0.004405092,0.46875,32,-0.0029445074,0.0025336674,uncertain_ci_crosses_zero,1024,positive_class_probability,descriptive unadjusted interval; not a significance test,Structural and contextual barriers,Institutional and programme context
B-TabPFN K=1,2,Q10_Financial_Difficulty,Q14_Year,-0.0013247601,0.0066856966,0.0051643501,0.0043565226,0.5,32,-0.0037352108,0.0010856905,uncertain_ci_crosses_zero,1024,positive_class_probability,descriptive unadjusted interval; not a significance test,Structural and contextual barriers,Institutional and programme context
B-TabPFN K=1,2,Q10_Financial_Difficulty,Q16_Belonging,-0.0017112956,0.0041126223,0.0034358746,0.0027839927,0.25,32,-0.0031940541,-0.0002285371,negative,1024,positive_class_probability,descriptive unadjusted interval; not a significance test,Structural and contextual barriers,Social and institutional integration
B-TabPFN K=1,2,Q11_Internet_Access,Q12_Outside_Responsibilities,0.0013939838,0.0059162708,0.0049585367,0.003409973,0.5,32,-0.0007390593,0.0035270269,uncertain_ci_crosses_zero,1024,positive_class_probability,descriptive unadjusted interval; not a significance test,Structural and contextual barriers,Structural and contextual barriers
B-TabPFN K=1,2,Q11_Internet_Access,Q13_Faculty,0.0005684561,0.0061345846,0.0043764846,0.0042655854,0.5625,32,-0.0016432975,0.0027802097,uncertain_ci_crosses_zero,1024,positive_class_probability,descriptive unadjusted interval; not a significance test,Structural and contextual barriers,Institutional and programme context
B-TabPFN K=1,2,Q11_Internet_Access,Q14_Year,0.0001742268,0.0048181028,0.0038442535,0.0028267376,0.5625,32,-0.0015628845,0.0019113381,uncertain_ci_crosses_zero,1024,positive_class_probability,descriptive unadjusted interval; not a significance test,Structural and contextual barriers,Institutional and programme context
B-TabPFN K=1,2,Q11_Internet_Access,Q16_Belonging,-0.001888817,0.0037145368,0.0029883046,0.0028744512,0.34375,32,-0.0032280503,-0.0005495837,negative,1024,positive_class_probability,descriptive unadjusted interval; not a significance test,Structural and contextual barriers,Social and institutional integration
B-TabPFN K=1,2,Q12_Outside_Responsibilities,Q13_Faculty,-0.0025350592,0.007428033,0.005965889,0.0050069502,0.28125,32,-0.0052131506,0.0001430323,uncertain_ci_crosses_zero,1024,positive_class_probability,descriptive unadjusted interval; not a significance test,Structural and contextual barriers,Institutional and programme context
B-TabPFN K=1,2,Q12_Outside_Responsibilities,Q14_Year,0.0003810719,0.0056039252,0.0046550792,0.0030306916,0.5625,32,-0.0016393586,0.0024015024,uncertain_ci_crosses_zero,1024,positive_class_probability,descriptive unadjusted interval; not a significance test,Structural and contextual barriers,Institutional and programme context
B-TabPFN K=1,2,Q12_Outside_Responsibilities,Q16_Belonging,-0.0002036693,0.0043787735,0.0036836154,0.0022824864,0.46875,32,-0.0017823855,0.0013750469,uncertain_ci_crosses_zero,1024,positive_class_probability,descriptive unadjusted interval; not a significance test,Structural and contextual barriers,Social and institutional integration
B-TabPFN K=1,2,Q14_Year,Q13_Faculty,-0.0009905912,0.006711431,0.0052160094,0.0042393206,0.46875,32,-0.0034103201,0.0014291377,uncertain_ci_crosses_zero,1024,positive_class_probability,descriptive unadjusted interval; not a significance test,Institutional and programme context,Institutional and programme context
B-TabPFN K=1,2,Q14_Year,Q16_Belonging,0.000148646,0.0089179765,0.0067774587,0.0056689881,0.5,32,-0.0030666274,0.0033639194,uncertain_ci_crosses_zero,1024,positive_class_probability,descriptive unadjusted interval; not a significance test,Institutional and programme context,Social and institutional integration
B-TabPFN K=1,2,Q16_Belonging,Q13_Faculty,-0.0027918002,0.0106458404,0.0083425156,0.0070382413,0.3125,32,-0.0066300349,0.0010464346,uncertain_ci_crosses_zero,1024,positive_class_probability,descriptive unadjusted interval; not a significance test,Social and institutional integration,Institutional and programme context
B-TabPFN K=1,2,Q1_Academic_Performance,Q10_Financial_Difficulty,-0.0001883695,0.0042528549,0.0032122297,0.0027335198,0.4375,32,-0.0017216872,0.0013449482,uncertain_ci_crosses_zero,1024,positive_class_probability,descriptive unadjusted interval; not a significance test,Academic engagement and integration,Structural and contextual barriers
B-TabPFN K=1,2,Q1_Academic_Performance,Q11_Internet_Access,-0.0012864318,0.0052457816,0.0041783349,0.0033473654,0.34375,32,-0.0031777377,0.0006048742,uncertain_ci_crosses_zero,1024,positive_class_probability,descriptive unadjusted interval; not a significance test,Academic engagement and integration,Structural and contextual barriers
B-TabPFN K=1,2,Q1_Academic_Performance,Q12_Outside_Responsibilities,0.0011254847,0.0046389374,0.0036614267,0.002998136,0.6875,32,-0.0005470306,0.002798,uncertain_ci_crosses_zero,1024,positive_class_probability,descriptive unadjusted interval; not a significance test,Academic engagement and integration,Structural and contextual barriers
B-TabPFN K=1,2,Q1_Academic_Performance,Q13_Faculty,0.0015621418,0.0068782076,0.0052396561,0.0046356377,0.59375,32,-0.0009177165,0.004042,uncertain_ci_crosses_zero,1024,positive_class_probability,descriptive unadjusted interval; not a significance test,Academic engagement and integration,Institutional and programme context
B-TabPFN K=1,2,Q1_Academic_Performance,Q14_Year,0.001908721,0.0060170443,0.00505077,0.0036922041,0.59375,32,-0.0002606549,0.0040780968,uncertain_ci_crosses_zero,1024,positive_class_probability,descriptive unadjusted interval; not a significance test,Academic engagement and integration,Institutional and programme context
B-TabPFN K=1,2,Q1_Academic_Performance,Q16_Belonging,-0.0037613347,0.0072326722,0.0072012239,0.0036585666,0.3125,32,-0.0063689911,-0.0011536783,negative,1024,positive_class_probability,descriptive unadjusted interval; not a significance test,Academic engagement and integration,Social and institutional integration
B-TabPFN K=1,2,Q1_Academic_Performance,Q2_Attendance,-0.0024301642,0.0104385207,0.0078233095,0.0072028063,0.46875,32,-0.0061936523,0.0013333238,uncertain_ci_crosses_zero,1024,positive_class_probability,descriptive unadjusted interval; not a significance test,Academic engagement and integration,Academic engagement and integration
B-TabPFN K=1,2,Q1_Academic_Performance,Q3_Assignments,-0.001849207,0.0062367727,0.0051129142,0.0039296349,0.375,32,-0.0040978034,0.0003993893,uncertain_ci_crosses_zero,1024,positive_class_probability,descriptive unadjusted interval; not a significance test,Academic engagement and integration,Academic engagement and integration
B-TabPFN K=1,2,Q1_Academic_Performance,Q4_Repeating,0.0015085259,0.0090319574,0.0060439265,0.0067983754,0.65625,32,-0.001747842,0.0047648938,uncertain_ci_crosses_zero,1024,positive_class_probability,descriptive unadjusted interval; not a significance test,Academic engagement and integration,Academic progression
B-TabPFN K=1,2,Q1_Academic_Performance,Q6_PHQ2_Interest,-0.0023320139,0.0058115964,0.0050256673,0.0036491486,0.34375,32,-0.0044273178,-0.0002367099,negative,1024,positive_class_probability,descriptive unadjusted interval; not a significance test,Academic engagement and integration,Psychological distress
B-TabPFN K=1,2,Q1_Academic_Performance,Q7_PHQ2_Depressed,-0.0017426168,0.007730993,0.00605997,0.0049995067,0.5,32,-0.004529937,0.0010447034,uncertain_ci_crosses_zero,1024,positive_class_probability,descriptive unadjusted interval; not a significance test,Academic engagement and integration,Psychological distress
B-TabPFN K=1,2,Q1_Academic_Performance,Q8_GAD2_Nervous,-0.0020048601,0.0071273836,0.0062022787,0.0039037865,0.3125,32,-0.0045745559,0.0005648357,uncertain_ci_crosses_zero,1024,positive_class_probability,descriptive unadjusted interval; not a significance test,Academic engagement and integration,Psychological distress
B-TabPFN K=1,2,Q1_Academic_Performance,Q9_GAD2_Worry,-0.0032028967,0.0073163442,0.0064647974,0.0045800191,0.3125,32,-0.0058407201,-0.0005650733,negative,1024,positive_class_probability,descriptive unadjusted interval; not a significance test,Academic engagement and integration,Psychological distress
B-TabPFN K=1,2,Q2_Attendance,Q10_Financial_Difficulty,-0.0012614684,0.0064450941,0.005526398,0.0034140302,0.5,32,-0.0035851726,0.0010622358,uncertain_ci_crosses_zero,1024,positive_class_probability,descriptive unadjusted interval; not a significance test,Academic engagement and integration,Structural and contextual barriers
B-TabPFN K=1,2,Q2_Attendance,Q11_Internet_Access,-0.002578681,0.005550374,0.0048428707,0.0036688952,0.1875,32,-0.0045798042,-0.0005775578,negative,1024,positive_class_probability,descriptive unadjusted interval; not a significance test,Academic engagement and integration,Structural and contextual barriers
B-TabPFN K=1,2,Q2_Attendance,Q12_Outside_Responsibilities,-0.0031700641,0.0065164646,0.0052257874,0.0049646757,0.5,32,-0.0055195001,-0.000820628,negative,1024,positive_class_probability,descriptive unadjusted interval; not a significance test,Academic engagement and integration,Structural and contextual barriers
B-TabPFN K=1,2,Q2_Attendance,Q13_Faculty,0.0003312056,0.0071336023,0.005587561,0.0043328462,0.5625,32,-0.0022407323,0.0029031435,uncertain_ci_crosses_zero,1024,positive_class_probability,descriptive unadjusted interval; not a significance test,Academic engagement and integration,Institutional and programme context
B-TabPFN K=1,2,Q2_Attendance,Q14_Year,-0.0038625899,0.0067037682,0.0061616765,0.0045989577,0.28125,32,-0.0062795561,-0.0014456237,negative,1024,positive_class_probability,descriptive unadjusted interval; not a significance test,Academic engagement and integration,Institutional and programme context
B-TabPFN K=1,2,Q2_Attendance,Q16_Belonging,-0.0052851389,0.0111086525,0.0098363829,0.0072360465,0.28125,32,-0.0092902352,-0.0012800426,negative,1024,positive_class_probability,descriptive unadjusted interval; not a significance test,Academic engagement and integration,Social and institutional integration
B-TabPFN K=1,2,Q2_Attendance,Q3_Assignments,-0.008367778,0.0209079934,0.0166554972,0.014935476,0.34375,32,-0.0159059135,-0.0008296426,negative,1024,positive_class_probability,descriptive unadjusted interval; not a significance test,Academic engagement and integration,Academic engagement and integration
B-TabPFN K=1,2,Q2_Attendance,Q4_Repeating,-0.0072905145,0.016688454,0.0098415828,0.0152770908,0.40625,32,-0.0133073438,-0.0012736852,negative,1024,positive_class_probability,descriptive unadjusted interval; not a significance test,Academic engagement and integration,Academic progression
B-TabPFN K=1,2,Q2_Attendance,Q6_PHQ2_Interest,-0.0005114379,0.0078617794,0.0056393446,0.0054082803,0.53125,32,-0.0033459117,0.0023230358,uncertain_ci_crosses_zero,1024,positive_class_probability,descriptive unadjusted interval; not a significance test,Academic engagement and integration,Psychological distress
B-TabPFN K=1,2,Q2_Attendance,Q7_PHQ2_Depressed,-0.0045221756,0.0166594689,0.0148965978,0.0083415039,0.46875,32,-0.0105285546,0.0014842035,uncertain_ci_crosses_zero,1024,positive_class_probability,descriptive unadjusted interval; not a significance test,Academic engagement and integration,Psychological distress
B-TabPFN K=1,2,Q2_Attendance,Q8_GAD2_Nervous,-0.0005429685,0.0087055862,0.00650255,0.0056960009,0.46875,32,-0.0036816671,0.00259573,uncertain_ci_crosses_zero,1024,positive_class_probability,descriptive unadjusted interval; not a significance test,Academic engagement and integration,Psychological distress
B-TabPFN K=1,2,Q2_Attendance,Q9_GAD2_Worry,-0.0013578903,0.009060304,0.0069212438,0.005877377,0.40625,32,-0.0046244782,0.0019086976,uncertain_ci_crosses_zero,1024,positive_class_probability,descriptive unadjusted interval; not a significance test,Academic engagement and integration,Psychological distress
B-TabPFN K=1,2,Q3_Assignments,Q10_Financial_Difficulty,0.0016934089,0.0057604901,0.0048706316,0.0034139526,0.53125,32,-0.0003834692,0.0037702871,uncertain_ci_crosses_zero,1024,positive_class_probability,descriptive unadjusted interval; not a significance test,Academic engagement and integration,Structural and contextual barriers
B-TabPFN K=1,2,Q3_Assignments,Q11_Internet_Access,0.0001206981,0.0050066152,0.0037649393,0.0032325245,0.5,32,-0.0016843791,0.0019257754,uncertain_ci_crosses_zero,1024,positive_class_probability,descriptive unadjusted interval; not a significance test,Academic engagement and integration,Structural and contextual barriers
B-TabPFN K=1,2,Q3_Assignments,Q12_Outside_Responsibilities,0.0009585297,0.006950506,0.0058295906,0.0037653105,0.5,32,-0.0015473949,0.0034644544,uncertain_ci_crosses_zero,1024,positive_class_probability,descriptive unadjusted interval; not a significance test,Academic engagement and integration,Structural and contextual barriers
B-TabPFN K=1,2,Q3_Assignments,Q13_Faculty,0.0003928162,0.0065247468,0.0054235794,0.0035167472,0.5,32,-0.0019596059,0.0027452383,uncertain_ci_crosses_zero,1024,positive_class_probability,descriptive unadjusted interval; not a significance test,Academic engagement and integration,Institutional and programme context
B-TabPFN K=1,2,Q3_Assignments,Q14_Year,-0.0017432815,0.0076217198,0.006330406,0.0044565598,0.375,32,-0.0044912045,0.0010046416,uncertain_ci_crosses_zero,1024,positive_class_probability,descriptive unadjusted interval; not a significance test,Academic engagement and integration,Institutional and programme context
B-TabPFN K=1,2,Q3_Assignments,Q16_Belonging,-0.0004341014,0.0139908057,0.0120126697,0.0068540467,0.46875,32,-0.0054783248,0.0046101219,uncertain_ci_crosses_zero,1024,positive_class_probability,descriptive unadjusted interval; not a significance test,Academic engagement and integration,Social and institutional integration
B-TabPFN K=1,2,Q3_Assignments,Q4_Repeating,0.0006390818,0.0162558527,0.0133030954,0.0090550105,0.625,32,-0.0052217781,0.0064999417,uncertain_ci_crosses_zero,1024,positive_class_probability,descriptive unadjusted interval; not a significance test,Academic engagement and integration,Academic progression
B-TabPFN K=1,2,Q3_Assignments,Q6_PHQ2_Interest,0.0010366561,0.009218808,0.0071823868,0.0057310537,0.5,32,-0.0022870786,0.0043603908,uncertain_ci_crosses_zero,1024,positive_class_probability,descriptive unadjusted interval; not a significance test,Academic engagement and integration,Psychological distress
B-TabPFN K=1,2,Q3_Assignments,Q7_PHQ2_Depressed,0.0004308344,0.0164634125,0.0123522023,0.0106647466,0.625,32,-0.0055048588,0.0063665275,uncertain_ci_crosses_zero,1024,positive_class_probability,descriptive unadjusted interval; not a significance test,Academic engagement and integration,Psychological distress
B-TabPFN K=1,2,Q3_Assignments,Q8_GAD2_Nervous,0.001204236,0.0067908243,0.0050487296,0.0046152292,0.6875,32,-0.0012441172,0.0036525893,uncertain_ci_crosses_zero,1024,positive_class_probability,descriptive unadjusted interval; not a significance test,Academic engagement and integration,Psychological distress
B-TabPFN K=1,2,Q3_Assignments,Q9_GAD2_Worry,-0.000522055,0.0106334512,0.0081660066,0.0066720961,0.375,32,-0.0043558229,0.003311713,uncertain_ci_crosses_zero,1024,positive_class_probability,descriptive unadjusted interval; not a significance test,Academic engagement and integration,Psychological distress
B-TabPFN K=1,2,Q4_Repeating,Q10_Financial_Difficulty,-0.0020990028,0.011907517,0.0080588042,0.0089049196,0.46875,32,-0.0063921205,0.0021941149,uncertain_ci_crosses_zero,1024,positive_class_probability,descriptive unadjusted interval; not a significance test,Academic progression,Structural and contextual barriers
B-TabPFN K=1,2,Q4_Repeating,Q11_Internet_Access,-0.0003335804,0.0049032414,0.0040614377,0.0026700674,0.5,32,-0.0021013874,0.0014342267,uncertain_ci_crosses_zero,1024,positive_class_probability,descriptive unadjusted interval; not a significance test,Academic progression,Structural and contextual barriers
B-TabPFN K=1,2,Q4_Repeating,Q12_Outside_Responsibilities,-0.0013936333,0.0090770858,0.0068268289,0.0060240646,0.53125,32,-0.0046662718,0.0018790051,uncertain_ci_crosses_zero,1024,positive_class_probability,descriptive unadjusted interval; not a significance test,Academic progression,Structural and contextual barriers
B-TabPFN K=1,2,Q4_Repeating,Q13_Faculty,0.0002030821,0.0061636437,0.0042685428,0.0043846166,0.53125,32,-0.0020191484,0.0024253126,uncertain_ci_crosses_zero,1024,positive_class_probability,descriptive unadjusted interval; not a significance test,Academic progression,Institutional and programme context
B-TabPFN K=1,2,Q4_Repeating,Q14_Year,-0.0005385349,0.0054697393,0.0040413999,0.0036548108,0.53125,32,-0.0025105862,0.0014335164,uncertain_ci_crosses_zero,1024,positive_class_probability,descriptive unadjusted interval; not a significance test,Academic progression,Institutional and programme context
B-TabPFN K=1,2,Q4_Repeating,Q16_Belonging,-0.0036527785,0.0109274998,0.0081667327,0.0080210014,0.4375,32,-0.0075925623,0.0002870053,uncertain_ci_crosses_zero,1024,positive_class_probability,descriptive unadjusted interval; not a significance test,Academic progression,Social and institutional integration
B-TabPFN K=1,2,Q4_Repeating,Q6_PHQ2_Interest,-0.0006019423,0.0270969519,0.0157938052,0.0218432587,0.40625,32,-0.0103714352,0.0091675507,uncertain_ci_crosses_zero,1024,positive_class_probability,descriptive unadjusted interval; not a significance test,Academic progression,Psychological distress
B-TabPFN K=1,2,Q4_Repeating,Q7_PHQ2_Depressed,-0.0008291192,0.0219780097,0.0118793389,0.0183867239,0.75,32,-0.0087530367,0.0070947983,uncertain_ci_crosses_zero,1024,positive_class_probability,descriptive unadjusted interval; not a significance test,Academic progression,Psychological distress
B-TabPFN K=1,2,Q4_Repeating,Q8_GAD2_Nervous,0.0060031017,0.0146327169,0.0110786932,0.0111633063,0.5625,32,0.0007274447,0.0112787587,positive,1024,positive_class_probability,descriptive unadjusted interval; not a significance test,Academic progression,Psychological distress
B-TabPFN K=1,2,Q4_Repeating,Q9_GAD2_Worry,0.0038994716,0.0135059144,0.0088725671,0.0108094511,0.625,32,-0.0009699298,0.008768873,uncertain_ci_crosses_zero,1024,positive_class_probability,descriptive unadjusted interval; not a significance test,Academic progression,Psychological distress
B-TabPFN K=1,2,Q6_PHQ2_Interest,Q10_Financial_Difficulty,0.0021287093,0.0057909176,0.004905841,0.0036563184,0.65625,32,4.08608e-05,0.0042165577,positive,1024,positive_class_probability,descriptive unadjusted interval; not a significance test,Psychological distress,Structural and contextual barriers
B-TabPFN K=1,2,Q6_PHQ2_Interest,Q11_Internet_Access,-0.0011141444,0.0061783143,0.0047221793,0.0040539646,0.5,32,-0.0033416643,0.0011133754,uncertain_ci_crosses_zero,1024,positive_class_probability,descriptive unadjusted interval; not a significance test,Psychological distress,Structural and contextual barriers
B-TabPFN K=1,2,Q6_PHQ2_Interest,Q12_Outside_Responsibilities,7.448e-07,0.0102834411,0.0070304317,0.0073978222,0.625,32,-0.0037068311,0.0037083207,uncertain_ci_crosses_zero,1024,positive_class_probability,descriptive unadjusted interval; not a significance test,Psychological distress,Structural and contextual barriers
B-TabPFN K=1,2,Q6_PHQ2_Interest,Q13_Faculty,-0.0003397136,0.0088348836,0.0061703918,0.0062347715,0.4375,32,-0.0035250288,0.0028456017,uncertain_ci_crosses_zero,1024,positive_class_probability,descriptive unadjusted interval; not a significance test,Psychological distress,Institutional and programme context
B-TabPFN K=1,2,Q6_PHQ2_Interest,Q14_Year,-0.0004973939,0.0082841695,0.0062544801,0.0053387674,0.53125,32,-0.0034841555,0.0024893677,uncertain_ci_crosses_zero,1024,positive_class_probability,descriptive unadjusted interval; not a significance test,Psychological distress,Institutional and programme context
B-TabPFN K=1,2,Q6_PHQ2_Interest,Q16_Belonging,-0.0040054611,0.0151066164,0.0108911284,0.0110602032,0.40625,32,-0.0094519771,0.0014410549,uncertain_ci_crosses_zero,1024,positive_class_probability,descriptive unadjusted interval; not a significance test,Psychological distress,Social and institutional integration
B-TabPFN K=1,2,Q6_PHQ2_Interest,Q7_PHQ2_Depressed,-0.0054318467,0.0526178408,0.0438242231,0.0285758245,0.5625,32,-0.0244026013,0.0135389079,uncertain_ci_crosses_zero,1024,positive_class_probability,descriptive unadjusted interval; not a significance test,Psychological distress,Psychological distress
B-TabPFN K=1,2,Q6_PHQ2_Interest,Q8_GAD2_Nervous,-0.0128940927,0.0321618826,0.0257809282,0.0228015501,0.34375,32,-0.0244896879,-0.0012984975,negative,1024,positive_class_probability,descriptive unadjusted interval; not a significance test,Psychological distress,Psychological distress
B-TabPFN K=1,2,Q6_PHQ2_Interest,Q9_GAD2_Worry,-0.0074619627,0.0369526208,0.0254441025,0.0274715659,0.59375,32,-0.0207848032,0.0058608778,uncertain_ci_crosses_zero,1024,positive_class_probability,descriptive unadjusted interval; not a significance test,Psychological distress,Psychological distress
B-TabPFN K=1,2,Q7_PHQ2_Depressed,Q10_Financial_Difficulty,-0.0044257195,0.014003709,0.01121765,0.009296656,0.40625,32,-0.009474595,0.000623156,uncertain_ci_crosses_zero,1024,positive_class_probability,descriptive unadjusted interval; not a significance test,Psychological distress,Structural and contextual barriers
B-TabPFN K=1,2,Q7_PHQ2_Depressed,Q11_Internet_Access,-0.0017710771,0.0060195084,0.0049393323,0.0037799969,0.28125,32,-0.0039413413,0.0003991871,uncertain_ci_crosses_zero,1024,positive_class_probability,descriptive unadjusted interval; not a significance test,Psychological distress,Structural and contextual barriers
B-TabPFN K=1,2,Q7_PHQ2_Depressed,Q12_Outside_Responsibilities,0.0008584111,0.0110552181,0.0091477082,0.0060496734,0.59375,32,-0.00312742,0.0048442423,uncertain_ci_crosses_zero,1024,positive_class_probability,descriptive unadjusted interval; not a significance test,Psychological distress,Structural and contextual barriers
B-TabPFN K=1,2,Q7_PHQ2_Depressed,Q13_Faculty,-0.0012888961,0.006623274,0.00536556,0.0039830492,0.40625,32,-0.003676841,0.0010990488,uncertain_ci_crosses_zero,1024,positive_class_probability,descriptive unadjusted interval; not a significance test,Psychological distress,Institutional and programme context
B-TabPFN K=1,2,Q7_PHQ2_Depressed,Q14_Year,-0.0011104172,0.0081902808,0.0068190335,0.0045115748,0.5,32,-0.0040633283,0.0018424939,uncertain_ci_crosses_zero,1024,positive_class_probability,descriptive unadjusted interval; not a significance test,Psychological distress,Institutional and programme context
B-TabPFN K=1,2,Q7_PHQ2_Depressed,Q16_Belonging,-0.0013959277,0.0098046043,0.007190224,0.0066913898,0.375,32,-0.0049308645,0.0021390091,uncertain_ci_crosses_zero,1024,positive_class_probability,descriptive unadjusted interval; not a significance test,Psychological distress,Social and institutional integration
B-TabPFN K=1,2,Q7_PHQ2_Depressed,Q8_GAD2_Nervous,-0.0173905767,0.055170083,0.0493252079,0.029059712,0.34375,32,-0.0372815127,0.0025003594,uncertain_ci_crosses_zero,1024,positive_class_probability,descriptive unadjusted interval; not a significance test,Psychological distress,Psychological distress
B-TabPFN K=1,2,Q7_PHQ2_Depressed,Q9_GAD2_Worry,-0.016177845,0.068003804,0.0565174249,0.0399677875,0.375,32,-0.0406958308,0.0083401409,uncertain_ci_crosses_zero,1024,positive_class_probability,descriptive unadjusted interval; not a significance test,Psychological distress,Psychological distress
B-TabPFN K=1,2,Q8_GAD2_Nervous,Q10_Financial_Difficulty,-0.0018717651,0.0065430708,0.0049958152,0.0045458799,0.375,32,-0.0042307937,0.0004872635,uncertain_ci_crosses_zero,1024,positive_class_probability,descriptive unadjusted interval; not a significance test,Psychological distress,Structural and contextual barriers
B-TabPFN K=1,2,Q8_GAD2_Nervous,Q11_Internet_Access,-0.0007653522,0.0048136125,0.0036995588,0.0031060074,0.46875,32,-0.0025008446,0.0009701402,uncertain_ci_crosses_zero,1024,positive_class_probability,descriptive unadjusted interval; not a significance test,Psychological distress,Structural and contextual barriers
B-TabPFN K=1,2,Q8_GAD2_Nervous,Q12_Outside_Responsibilities,0.0028416846,0.0092680416,0.0077530866,0.005672994,0.625,32,-0.0004998007,0.0061831699,uncertain_ci_crosses_zero,1024,positive_class_probability,descriptive unadjusted interval; not a significance test,Psychological distress,Structural and contextual barriers
B-TabPFN K=1,2,Q8_GAD2_Nervous,Q13_Faculty,-0.0007008533,0.0054876925,0.0041667406,0.0035637097,0.5,32,-0.0026793775,0.0012776708,uncertain_ci_crosses_zero,1024,positive_class_probability,descriptive unadjusted interval; not a significance test,Psychological distress,Institutional and programme context
B-TabPFN K=1,2,Q8_GAD2_Nervous,Q14_Year,-0.0006076264,0.0070029541,0.0055553013,0.0041911317,0.46875,32,-0.0031324606,0.0019172077,uncertain_ci_crosses_zero,1024,positive_class_probability,descriptive unadjusted interval; not a significance test,Psychological distress,Institutional and programme context
B-TabPFN K=1,2,Q8_GAD2_Nervous,Q16_Belonging,-0.0063869832,0.0144815677,0.0126254153,0.0093424941,0.375,32,-0.0116081451,-0.0011658213,negative,1024,positive_class_probability,descriptive unadjusted interval; not a significance test,Psychological distress,Social and institutional integration
B-TabPFN K=1,2,Q8_GAD2_Nervous,Q9_GAD2_Worry,-0.0205368362,0.0470972148,0.0420508225,0.0287784954,0.3125,32,-0.0375171929,-0.0035564796,negative,1024,positive_class_probability,descriptive unadjusted interval; not a significance test,Psychological distress,Psychological distress
B-TabPFN K=1,2,Q9_GAD2_Worry,Q10_Financial_Difficulty,-0.0019241546,0.0098499226,0.0076197862,0.0063959906,0.3125,32,-0.0054754304,0.0016271212,uncertain_ci_crosses_zero,1024,positive_class_probability,descriptive unadjusted interval; not a significance test,Psychological distress,Structural and contextual barriers
B-TabPFN K=1,2,Q9_GAD2_Worry,Q11_Internet_Access,0.0007216355,0.0049029444,0.0036206078,0.003323365,0.4375,32,-0.0010460644,0.0024893355,uncertain_ci_crosses_zero,1024,positive_class_probability,descriptive unadjusted interval; not a significance test,Psychological distress,Structural and contextual barriers
B-TabPFN K=1,2,Q9_GAD2_Worry,Q12_Outside_Responsibilities,4.23226e-05,0.0092152198,0.0078851191,0.0045542697,0.46875,32,-0.0032801184,0.0033647636,uncertain_ci_crosses_zero,1024,positive_class_probability,descriptive unadjusted interval; not a significance test,Psychological distress,Structural and contextual barriers
B-TabPFN K=1,2,Q9_GAD2_Worry,Q13_Faculty,-0.0024251441,0.0071297542,0.005698356,0.0048358781,0.40625,32,-0.0049956946,0.0001454064,uncertain_ci_crosses_zero,1024,positive_class_probability,descriptive unadjusted interval; not a significance test,Psychological distress,Institutional and programme context
B-TabPFN K=1,2,Q9_GAD2_Worry,Q14_Year,1.556e-06,0.0071695633,0.0056279004,0.0043252352,0.5625,32,-0.0025833472,0.0025864592,uncertain_ci_crosses_zero,1024,positive_class_probability,descriptive unadjusted interval; not a significance test,Psychological distress,Institutional and programme context
B-TabPFN K=1,2,Q9_GAD2_Worry,Q16_Belonging,-0.0040391231,0.0126340051,0.0099996264,0.0085580829,0.34375,32,-0.0085941677,0.0005159214,uncertain_ci_crosses_zero,1024,positive_class_probability,descriptive unadjusted interval; not a significance test,Psychological distress,Social and institutional integration
